{"count":1,"self":1085.2642816,"total":64215.029161499995,"children":{"InitializeActuators":{"count":5,"self":0.0015122,"total":0.0015122,"children":null},"InitializeSensors":{"count":5,"self":0.0070133999999999995,"total":0.0070133999999999995,"children":null},"AgentSendState":{"count":1935685,"self":299.5289856,"total":644.15603549999992,"children":{"UpdateModelSpacePoses":{"count":1935685,"self":19.004444799999998,"total":19.0044452,"children":null},"UpdateLocalSpacePoses":{"count":1935685,"self":16.1335008,"total":16.1335008,"children":null},"CollectObservations":{"count":1935685,"self":14.9484576,"total":14.9484578,"children":null},"WriteActionMask":{"count":1935685,"self":1.3792616,"total":1.3792616,"children":null},"RequestDecision":{"count":1935685,"self":2.9858864,"total":293.1613833,"children":{"AgentInfo.ToProto":{"count":1935685,"self":4.561096,"total":290.17549679999996,"children":{"GenerateSensorData":{"count":1935685,"self":38.859945599999996,"total":285.6144008,"children":{"CameraSensor.GetCompressedObservation":{"count":1935685,"self":246.7544576,"total":246.7544537,"children":null}}}}}}}}},"DecideAction":{"count":1935685,"self":62448.6055936,"total":62448.6028515,"children":null},"AgentAct":{"count":1935685,"self":36.221187199999996,"total":36.501057599999996,"children":{"UpdateModelSpacePoses":{"count":1311,"self":0.0196596,"total":0.0196596,"children":null},"UpdateLocalSpacePoses":{"count":1311,"self":0.010454699999999999,"total":0.010454699999999999,"children":null},"AgentInfo.ToProto":{"count":1311,"self":0.0062292,"total":0.24975719999999998,"children":{"GenerateSensorData":{"count":1311,"self":0.0338103,"total":0.243528,"children":{"CameraSensor.GetCompressedObservation":{"count":1311,"self":0.20971769999999998,"total":0.20971769999999998,"children":null}}}}}}},"UpdateModelSpacePoses":{"count":2613,"self":0.0357971,"total":0.0357971,"children":null},"UpdateLocalSpacePoses":{"count":2613,"self":0.0254746,"total":0.0254746,"children":null},"AgentInfo.ToProto":{"count":2613,"self":0.0083606,"total":0.4320831,"children":{"GenerateSensorData":{"count":2613,"self":0.0726139,"total":0.4237225,"children":{"CameraSensor.GetCompressedObservation":{"count":2613,"self":0.3511086,"total":0.3511086,"children":null}}}}}},"gauges":{"Vertebate.CumulativeReward":{"count":3924,"max":8275.857,"min":-0.8866604,"runningAverage":1904.1759,"value":6142.28662,"weightedAverage":3428.09863}},"metadata":{"timer_format_version":"0.1.0","start_time_seconds":"1782854646","unity_version":"6000.0.40f1","command_line_arguments":"D:\\ml-agents\\buildLooking\\UnityEnvironment.exe -nographics -batchmode --mlagents-port 5018 -logFile D:\\ml-agents\\ppg\\new\\ppg_looking_03_model_02_tpl\\run_logs\\Player-3.log","communication_protocol_version":"1.5.0","com.unity.ml-agents_version":"3.0.0","scene_name":"RandomTerrain","end_time_seconds":"1782918861"}}