{
    "name": "root",
    "gauges": {
        "Vertebate.Policy.Entropy.mean": {
            "value": -0.08633875101804733,
            "min": -0.08633875101804733,
            "max": 1.4188534021377563,
            "count": 873
        },
        "Vertebate.Policy.Entropy.sum": {
            "value": -2669.59423828125,
            "min": -2703.84765625,
            "max": 43643.9296875,
            "count": 873
        },
        "Vertebate.Environment.EpisodeLength.mean": {
            "value": 966.1935483870968,
            "min": 41.27042253521127,
            "max": 999.0,
            "count": 873
        },
        "Vertebate.Environment.EpisodeLength.sum": {
            "value": 29952.0,
            "min": 28980.0,
            "max": 30946.0,
            "count": 873
        },
        "Vertebate.Step.mean": {
            "value": 26189353.0,
            "min": 29985.0,
            "max": 26189353.0,
            "count": 873
        },
        "Vertebate.Step.sum": {
            "value": 26189353.0,
            "min": 29985.0,
            "max": 26189353.0,
            "count": 873
        },
        "Vertebate.Policy.ExtrinsicValueEstimate.mean": {
            "value": 1368.084228515625,
            "min": 0.12531818449497223,
            "max": 1564.064208984375,
            "count": 873
        },
        "Vertebate.Policy.ExtrinsicValueEstimate.sum": {
            "value": 42410.609375,
            "min": 74.06304931640625,
            "max": 51311.9375,
            "count": 873
        },
        "Vertebate.Environment.CumulativeReward.mean": {
            "value": 6827.3638970928805,
            "min": 1.9448596694445246,
            "max": 7562.010309034778,
            "count": 873
        },
        "Vertebate.Environment.CumulativeReward.sum": {
            "value": 211648.2808098793,
            "min": 1149.412064641714,
            "max": 237116.26788330078,
            "count": 873
        },
        "Vertebate.Policy.ExtrinsicReward.mean": {
            "value": 6827.3638970928805,
            "min": 1.9448596694445246,
            "max": 7562.010309034778,
            "count": 873
        },
        "Vertebate.Policy.ExtrinsicReward.sum": {
            "value": 211648.2808098793,
            "min": 1149.412064641714,
            "max": 237116.26788330078,
            "count": 873
        },
        "Vertebate.Losses.PolicyLoss.mean": {
            "value": 6.38105878829956,
            "min": 0.20142780542373656,
            "max": 14.945018076896668,
            "count": 873
        },
        "Vertebate.Losses.PolicyLoss.sum": {
            "value": 127.62117576599121,
            "min": 4.0285561084747314,
            "max": 564.4521493911743,
            "count": 873
        },
        "Vertebate.Losses.ValueLoss.mean": {
            "value": 3378.2614868164064,
            "min": 0.8260955601930619,
            "max": 87372.13761874335,
            "count": 873
        },
        "Vertebate.Losses.ValueLoss.sum": {
            "value": 67565.22973632812,
            "min": 16.521911203861237,
            "max": 87197393.34350586,
            "count": 873
        },
        "Vertebate.Policy.LearningRate.mean": {
            "value": 0.00014293614435463602,
            "min": 0.00014293614435463602,
            "max": 0.000299877072040976,
            "count": 873
        },
        "Vertebate.Policy.LearningRate.sum": {
            "value": 0.0028587228870927206,
            "min": 0.0028587228870927206,
            "max": 0.2980326205757933,
            "count": 873
        },
        "Vertebate.Policy.Epsilon.mean": {
            "value": 0.14764536400000003,
            "min": 0.14764536400000003,
            "max": 0.199959024,
            "count": 873
        },
        "Vertebate.Policy.Epsilon.sum": {
            "value": 2.9529072800000007,
            "min": 2.9529072800000007,
            "max": 7.99425828,
            "count": 873
        },
        "Vertebate.Policy.Beta.mean": {
            "value": 0.0023875036636000005,
            "min": 0.0023875036636000005,
            "max": 0.0049979552976,
            "count": 873
        },
        "Vertebate.Policy.Beta.sum": {
            "value": 0.04775007327200001,
            "min": 0.04775007327200001,
            "max": 0.19971348817200002,
            "count": 873
        },
        "Vertebate.IsTraining.mean": {
            "value": 1.0,
            "min": 1.0,
            "max": 1.0,
            "count": 873
        },
        "Vertebate.IsTraining.sum": {
            "value": 1.0,
            "min": 1.0,
            "max": 1.0,
            "count": 873
        },
        "Vertebate.Losses.KLPenalty.mean": {
            "value": 0.0,
            "min": 0.0,
            "max": 0.0,
            "count": 78
        },
        "Vertebate.Losses.KLPenalty.sum": {
            "value": 0.0,
            "min": 0.0,
            "max": 0.0,
            "count": 78
        },
        "Vertebate.Losses.AuxTotalLoss.mean": {
            "value": 23813.303262597456,
            "min": 675.1496940930684,
            "max": 89080.99998452279,
            "count": 78
        },
        "Vertebate.Losses.AuxTotalLoss.sum": {
            "value": 23289410.590820312,
            "min": 648143.7063293457,
            "max": 87121217.98486328,
            "count": 78
        }
    },
    "metadata": {
        "timer_format_version": "0.1.0",
        "start_time_seconds": "1781726183",
        "python_version": "3.10.12 | packaged by Anaconda, Inc. | (main, Jul  5 2023, 19:01:18) [MSC v.1916 64 bit (AMD64)]",
        "command_line_arguments": "C:\\Users\\Michal\\.conda\\envs\\mlagents-dev\\Scripts\\mlagents-learn Vertebrate_ppg.yaml --run-id=ppg_03_model_02_tpl --torch-device=cuda --results-dir=D:\\ml-agents\\ppg\\new --env=D:\\ml-agents\\build\\UnityEnvironment.exe --no-graphics --num-envs=5 --base-port=5010 --force",
        "mlagents_version": "1.2.0.dev0",
        "mlagents_envs_version": "1.2.0.dev0",
        "communication_protocol_version": "1.5.0",
        "pytorch_version": "2.1.2+cu121",
        "numpy_version": "1.23.5",
        "end_time_seconds": "1781766786"
    },
    "total": 40602.173061899986,
    "count": 1,
    "self": 1.1403984999633394,
    "children": {
        "run_training.setup": {
            "total": 0.8571240000019316,
            "count": 1,
            "self": 0.8571240000019316
        },
        "TrainerController.start_learning": {
            "total": 40600.17553940002,
            "count": 1,
            "self": 64.64266328894882,
            "children": {
                "TrainerController._reset_env": {
                    "total": 8.25061379998806,
                    "count": 1,
                    "self": 8.25061379998806
                },
                "TrainerController.advance": {
                    "total": 40524.93439821107,
                    "count": 1980499,
                    "self": 59.7068391321518,
                    "children": {
                        "env_step": {
                            "total": 21954.896949282673,
                            "count": 1980499,
                            "self": 4491.730783230858,
                            "children": {
                                "SubprocessEnvManager._take_step": {
                                    "total": 17401.947697981173,
                                    "count": 5288193,
                                    "self": 455.6081993605476,
                                    "children": {
                                        "TorchPolicy.evaluate": {
                                            "total": 16946.339498620626,
                                            "count": 5241914,
                                            "self": 16946.339498620626
                                        }
                                    }
                                },