{"count":1,"self":1339.8282239999999,"total":33846.253709799996,"children":{"InitializeActuators":{"count":5,"self":0.0020502999999999997,"total":0.0020502999999999997,"children":null},"InitializeSensors":{"count":5,"self":0.0045648,"total":0.0045648,"children":null},"AgentSendState":{"count":2006578,"self":12.206686399999999,"total":99.7171388,"children":{"UpdateModelSpacePoses":{"count":2006580,"self":15.959976,"total":15.9599753,"children":null},"UpdateLocalSpacePoses":{"count":2006580,"self":18.946168,"total":18.946167799999998,"children":null},"CollectObservations":{"count":2006580,"self":12.8069896,"total":12.8069898,"children":null},"WriteActionMask":{"count":2006580,"self":1.2645225,"total":1.2645225,"children":null},"RequestDecision":{"count":2006580,"self":2.7881928,"total":38.5327967,"children":{"AgentInfo.ToProto":{"count":2006580,"self":4.0435864,"total":35.7446038,"children":{"GenerateSensorData":{"count":2006580,"self":31.7010176,"total":31.7010172,"children":null}}}}}}},"DecideAction":{"count":2006578,"self":32366.3888384,"total":32366.3894167,"children":null},"AgentAct":{"count":2006578,"self":40.1523648,"total":40.2287202,"children":{"UpdateModelSpacePoses":{"count":1497,"self":0.0120057,"total":0.0120057,"children":null},"UpdateLocalSpacePoses":{"count":1497,"self":0.0229824,"total":0.0229824,"children":null},"AgentInfo.ToProto":{"count":1497,"self":0.0050609999999999995,"total":0.0413675,"children":{"GenerateSensorData":{"count":1497,"self":0.0363065,"total":0.0363065,"children":null}}}}},"UpdateModelSpacePoses":{"count":1562,"self":0.0199238,"total":0.0199238,"children":null},"UpdateLocalSpacePoses":{"count":1562,"self":0.0142632,"total":0.0142632,"children":null},"AgentInfo.ToProto":{"count":1562,"self":0.0075436999999999995,"total":0.0463994,"children":{"GenerateSensorData":{"count":1562,"self":0.0388557,"total":0.0388557,"children":null}}}},"gauges":{"Vertebate.CumulativeReward":{"count":3059,"max":8728.329,"min":-0.934939742,"runningAverage":2832.3855,"value":6071.99951,"weightedAverage":5554.2085}},"metadata":{"timer_format_version":"0.1.0","start_time_seconds":"1781822785","unity_version":"6000.0.40f1","command_line_arguments":"D:\\ml-agents\\build\\UnityEnvironment.exe -nographics -batchmode --mlagents-port 5023 -logFile D:\\ml-agents\\sac\\new\\sac_05_model_02_tpl\\run_logs\\Player-3.log","communication_protocol_version":"1.5.0","com.unity.ml-agents_version":"3.0.0","scene_name":"RandomTerrain","end_time_seconds":"1781856631"}}