{
    "name": "root",
    "gauges": {
        "Vertebate.Policy.Entropy.mean": {
            "value": 0.5816883444786072,
            "min": 0.5816883444786072,
            "max": 1.418776273727417,
            "count": 336
        },
        "Vertebate.Policy.Entropy.sum": {
            "value": 18683.830078125,
            "min": 16615.673828125,
            "max": 46955.44140625,
            "count": 336
        },
        "Vertebate.Environment.EpisodeLength.mean": {
            "value": 543.4821428571429,
            "min": 50.124361158432706,
            "max": 700.0697674418604,
            "count": 336
        },
        "Vertebate.Environment.EpisodeLength.sum": {
            "value": 30435.0,
            "min": 28692.0,
            "max": 30728.0,
            "count": 336
        },
        "Vertebate.Step.mean": {
            "value": 10079612.0,
            "min": 29959.0,
            "max": 10079612.0,
            "count": 336
        },
        "Vertebate.Step.sum": {
            "value": 10079612.0,
            "min": 29959.0,
            "max": 10079612.0,
            "count": 336
        },
        "Vertebate.Policy.ExtrinsicValueEstimate.mean": {
            "value": 662.2057495117188,
            "min": 0.21214844286441803,
            "max": 715.4053955078125,
            "count": 336
        },
        "Vertebate.Policy.ExtrinsicValueEstimate.sum": {
            "value": 37083.5234375,
            "min": 112.86296844482422,
            "max": 54436.4453125,
            "count": 336
        },
        "Vertebate.Environment.CumulativeReward.mean": {
            "value": 2392.6436667793564,
            "min": 3.0805713790924028,
            "max": 3282.4857616993513,
            "count": 336
        },
        "Vertebate.Environment.CumulativeReward.sum": {
            "value": 133988.04533964396,
            "min": 1583.5422920584679,
            "max": 151003.8991110325,
            "count": 336
        },
        "Vertebate.Policy.ExtrinsicReward.mean": {
            "value": 2392.6436667793564,
            "min": 3.0805713790924028,
            "max": 3282.4857616993513,
            "count": 336
        },
        "Vertebate.Policy.ExtrinsicReward.sum": {
            "value": 133988.04533964396,
            "min": 1583.5422920584679,
            "max": 151003.8991110325,
            "count": 336
        },
        "Vertebate.Losses.PolicyLoss.mean": {
            "value": 5.779165998101234,
            "min": 0.11134061655029655,
            "max": 19.962919425964355,
            "count": 336
        },
        "Vertebate.Losses.PolicyLoss.sum": {
            "value": 115.58331996202469,
            "min": 2.226812331005931,
            "max": 441.78462266921997,
            "count": 336
        },
        "Vertebate.Losses.ValueLoss.mean": {
            "value": 6919.140966796875,
            "min": 2.4564755856990814,
            "max": 42441.85447288785,
            "count": 336
        },
        "Vertebate.Losses.ValueLoss.sum": {
            "value": 138382.8193359375,
            "min": 49.12951171398163,
            "max": 42951156.7265625,
            "count": 336
        },
        "Vertebate.Policy.LearningRate.mean": {
            "value": 0.00023964221611926802,
            "min": 0.00023964221611926802,
            "max": 0.0002998769760410079,
            "count": 336
        },
        "Vertebate.Policy.LearningRate.sum": {
            "value": 0.004792844322385361,
            "min": 0.004792844322385361,
            "max": 0.29802609569796823,
            "count": 336
        },
        "Vertebate.Policy.Epsilon.mean": {
            "value": 0.17988073200000002,
            "min": 0.17988073200000002,
            "max": 0.199958992,
            "count": 336
        },
        "Vertebate.Policy.Epsilon.sum": {
            "value": 3.59761464,
            "min": 3.59761464,
            "max": 7.994227,
            "count": 336
        },
        "Vertebate.Policy.Beta.mean": {
            "value": 0.003996048526799999,
            "min": 0.003996048526799999,
            "max": 0.0049979537008,
            "count": 336
        },
        "Vertebate.Policy.Beta.sum": {
            "value": 0.07992097053599997,
            "min": 0.07992097053599997,
            "max": 0.1997119273,
            "count": 336
        },
        "Vertebate.IsTraining.mean": {
            "value": 1.0,
            "min": 1.0,
            "max": 1.0,
            "count": 336
        },
        "Vertebate.IsTraining.sum": {
            "value": 1.0,
            "min": 1.0,
            "max": 1.0,
            "count": 336
        },
        "Vertebate.Losses.KLPenalty.mean": {
            "value": 0.0,
            "min": 0.0,
            "max": 0.0,
            "count": 30
        },
        "Vertebate.Losses.KLPenalty.sum": {
            "value": 0.0,
            "min": 0.0,
            "max": 0.0,
            "count": 30
        },
        "Vertebate.Losses.AuxTotalLoss.mean": {
            "value": 31640.16613245303,
            "min": 137.33541304230937,
            "max": 43891.129506052275,
            "count": 30
        },
        "Vertebate.Losses.AuxTotalLoss.sum": {
            "value": 30944082.477539062,
            "min": 132666.00899887085,
            "max": 42662177.87988281,
            "count": 30
        }
    },
    "metadata": {
        "timer_format_version": "0.1.0",
        "start_time_seconds": "1781894471",
        "python_version": "3.10.12 | packaged by Anaconda, Inc. | (main, Jul  5 2023, 19:01:18) [MSC v.1916 64 bit (AMD64)]",
        "command_line_arguments": "C:\\Users\\Michal\\.conda\\envs\\mlagents-dev\\Scripts\\mlagents-learn config/ppg/Vertebrate_ppg.yaml --run-id=ppg_randomTerrain_expanded_02_model_02_tpl --torch-device=cuda --results-dir=D:\\ml-agents\\ppg\\new --env=D:\\ml-agents\\buildRandTerrain\\UnityEnvironment.exe --no-graphics --num-envs=5 --base-port=5010",
        "mlagents_version": "1.2.0.dev0",
        "mlagents_envs_version": "1.2.0.dev0",
        "communication_protocol_version": "1.5.0",
        "pytorch_version": "2.1.2+cu121",
        "numpy_version": "1.23.5",
        "end_time_seconds": "1781908750"
    },
    "total": 14279.003705099998,
    "count": 1,
    "self": 0.8789537999982713,
    "children": {
        "run_training.setup": {
            "total": 0.3257926000005682,
            "count": 1,
            "self": 0.3257926000005682
        },
        "TrainerController.start_learning": {
            "total": 14277.7989587,
            "count": 1,
            "self": 23.69036680062345,
            "children": {
                "TrainerController._reset_env": {
                    "total": 4.3170006000000285,
                    "count": 1,
                    "self": 4.3170006000000285
                },
                "TrainerController.advance": {
                    "total": 14247.981888899374,
                    "count": 804913,
                    "self": 21.543073401213405,
                    "children": {
                        "env_step": {
                            "total": 7503.064181698668,
                            "count": 804913,
                            "self": 1490.0525426003023,
                            "children": {
                                "SubprocessEnvManager._take_step": {
                                    "total": 5991.908549798631,
                                    "count": 2079852,
                                    "self": 157.56578849992002,
                                    "children": {
                                        "TorchPolicy.evaluate": {
                                            "total": 5834.342761298711,
                                            "count": 2019516,
                                            "self": 5834.342761298711
                                        }
                                    }
                                },