{"count":1,"self":2787.250176,"total":84095.0500564,"children":{"InitializeActuators":{"count":5,"self":0.0005288,"total":0.0005288,"children":null},"InitializeSensors":{"count":5,"self":0.007166,"total":0.007166,"children":null},"AgentSendState":{"count":3758666,"self":26.19984,"total":235.47956059999999,"children":{"UpdateModelSpacePoses":{"count":3758670,"self":33.1760416,"total":33.1760429,"children":null},"UpdateLocalSpacePoses":{"count":3758670,"self":38.3587232,"total":38.3587226,"children":null},"CollectObservations":{"count":3758670,"self":49.839123199999996,"total":49.8391216,"children":null},"WriteActionMask":{"count":3758670,"self":2.9321251999999998,"total":2.9321251999999998,"children":null},"RequestDecision":{"count":3758670,"self":6.2083211999999994,"total":84.9737085,"children":{"AgentInfo.ToProto":{"count":3758670,"self":8.8187775999999989,"total":78.7653873,"children":{"GenerateSensorData":{"count":3758670,"self":69.946611199999992,"total":69.9466097,"children":null}}}}}}},"DecideAction":{"count":3758666,"self":80989.093888,"total":80989.09583369999,"children":null},"AgentAct":{"count":3758666,"self":82.880224,"total":83.06819569999999,"children":{"UpdateModelSpacePoses":{"count":3114,"self":0.0514441,"total":0.0514441,"children":null},"UpdateLocalSpacePoses":{"count":3114,"self":0.0256872,"total":0.0256872,"children":null},"AgentInfo.ToProto":{"count":3114,"self":0.0128931,"total":0.11083849999999999,"children":{"GenerateSensorData":{"count":3114,"self":0.0979454,"total":0.0979454,"children":null}}}}},"UpdateModelSpacePoses":{"count":2281,"self":0.0272231,"total":0.0272231,"children":null},"UpdateLocalSpacePoses":{"count":2281,"self":0.026842099999999997,"total":0.026842099999999997,"children":null},"AgentInfo.ToProto":{"count":2281,"self":0.0173735,"total":0.0925776,"children":{"GenerateSensorData":{"count":2281,"self":0.0752041,"total":0.0752041,"children":null}}}},"gauges":{"Vertebate.CumulativeReward":{"count":5395,"max":9534.508,"min":-0.969580948,"runningAverage":3557.16162,"value":8596.025,"weightedAverage":7422.81641}},"metadata":{"timer_format_version":"0.1.0","start_time_seconds":"1781909049","unity_version":"6000.0.40f1","command_line_arguments":"D:\\ml-agents\\buildRandTerrain\\UnityEnvironment.exe -nographics -batchmode --mlagents-port 5029 -logFile D:\\ml-agents\\droQ\\new\\droQ_randomTerrain_expanded_05_model_02_tpl\\run_logs\\Player-4.log","communication_protocol_version":"1.5.0","com.unity.ml-agents_version":"3.0.0","scene_name":"RandomTerrain","end_time_seconds":"1781993144"}}